{"initial_reset_timestamp": 1619622892.953102, "timestamps": [1619622910.7047858, 1619622922.664068, 1619622933.305664, 1619622943.296831, 1619622953.021108, 1619622957.491321, 1619622961.694724, 1619622966.098044, 1619622970.301328], "episode_lengths": [244, 252, 266, 248, 254, 266, 252, 264, 252], "episode_rewards": [244.0, 252.0, 266.0, 248.0, 254.0, 266.0, 252.0, 264.0, 252.0], "episode_types": ["t", "t", "t", "t", "t", "t", "t", "t", "t", "t"]}